ticker,company,country,revenue_local,market_cap_local,baseline_operating_margin,p_breach_ever_12mo,median_min_margin
MRTN,"Marten Transport, Ltd.",US,864025984,1424546176,0.00085,0.876,-0.013706212097197409
ARCB,ArcBest Corporation,US,4041867008,3109582080,0.00358,0.8105,-0.010976212097197409
LOGN3.SA,Log-In Logística Intermodal S.A.,Brazil,3077404928,2954542848,0.01564,0.7866,-0.034643425512529386
ALLCARGO.NS,Allcargo Logistics Limited,India,20579999744,12551383040,0.01556,0.7523,-0.023370181573083067
WERN,"Werner Enterprises, Inc.",US,3070892032,2589844992,0.00756,0.7047,-0.006996212097197409
JSLG3.SA,JSL S.A.,Brazil,9693385728,1640871296,0.03198,0.6531,-0.01830342551252939
MAHLOG.NS,Mahindra Logistics Limited,India,69990301696,39153192960,0.02527,0.6478,-0.013660181573083064
601598.SS,Sinotrans Limited,China,94586314752,38236094464,0.0328,0.5676,-0.00619701450282226
KNX,Knight-Swift Transportation Holdings Inc.,US,7495549952,12406416384,0.0124699995,0.5607,-0.0020862125971974083
002352.SZ,"S.F. Holding Co., Ltd.",China,312518836224,170964566016,0.05046,0.3859,0.011462985497177735
SNDR,"Schneider National, Inc.",US,5671000064,6269449728,0.02388,0.2752,0.00932378790280259
TCIEXP.NS,TCI Express Limited,India,12374099968,19513006080,0.06776,0.2471,0.028829818426916936
RAPT4.SA,Randoncorp S.A.,Brazil,13035799552,1586529408,0.09082,0.2294,0.04053657448747061
TCI.NS,Transport Corporation of India Limited,India,49167998976,71518265344,0.08053,0.1692,0.04159981842691694
600233.SS,"YTO Express Group Co.,Ltd.",China,76985237504,58874572800,0.09137,0.1224,0.05237298549717774
DHL.DE,Deutsche Post AG,Germany,83043999744,62677622784,0.072280005,0.0558,0.04791940211006218
CHRW,"C.H. Robinson Worldwide, Inc.",US,16198957056,22378196992,0.049060002,0.0318,0.03450378990280259
VRLLOG.NS,VRL Logistics Limited,India,32211099648,41512550400,0.13363,0.0298,0.09469981842691694
JBHT,"J.B. Hunt Transport Services, Inc.",US,12134195200,26953539584,0.06774,0.0048,0.053183787902802586
ZTO,ZTO Express (Cayman) Inc.,China,51489566720,17575479296,0.19163,0.0033,0.15263298549717774
SAIA,"Saia, Inc.",US,3252936960,11084754944,0.08286,0.0012,0.06830378790280259
ODFL,"Old Dominion Freight Line, Inc.",US,5456226816,45264297984,0.23775999,0.0,0.2232037779028026
