ticker,country,longName,marketCap,totalRevenue,operatingMargins,ebitdaMargins,grossMargins,totalCash,totalDebt,fullTimeEmployees,currency
JBHT,US,"J.B. Hunt Transport Services, Inc.",26953539584,12134195200,0.06774,0.13253,0.18861,4563000,1567938048,31750.0,USD
KNX,US,Knight-Swift Transportation Holdings Inc.,12406416384,7495549952,0.0124699995,0.13503,0.24023001,222774000,2662731008,37100.0,USD
ODFL,US,"Old Dominion Freight Line, Inc.",45264297984,5456226816,0.23775999,0.31307,0.38946,288081984,39996000,20264.0,USD
WERN,US,"Werner Enterprises, Inc.",2589844992,3070892032,0.00756,0.11813,0.19405001,61544000,1043011968,14500.0,USD
SAIA,US,"Saia, Inc.",11084754944,3252936960,0.08286,0.18079,0.23625,39177000,261859008,13734.0,USD
CHRW,US,"C.H. Robinson Worldwide, Inc.",22378196992,16198957056,0.049060002,0.054780003,0.08574,159664992,1644486016,11705.0,USD
SNDR,US,"Schneider National, Inc.",6269449728,5671000064,0.02388,0.1016,0.16279,265100000,398800000,19000.0,USD
ARCB,US,ArcBest Corporation,3109582080,4041867008,0.00358,0.06323,0.077259995,86447000,460088000,14000.0,USD
MRTN,US,"Marten Transport, Ltd.",1424546176,864025984,0.00085,0.13432999,0.23555,69786000,434000,3502.0,USD
VRLLOG.NS,India,VRL Logistics Limited,41512550400,32211099648,0.13363,0.20186001,0.22081,156200000,11541300224,,INR
TCI.NS,India,Transport Corporation of India Limited,71518265344,49167998976,0.08053,0.105170004,0.14267,3147000064,3124000000,,INR
MAHLOG.NS,India,Mahindra Logistics Limited,39153192960,69990301696,0.02527,0.0271,0.07642,6070099968,2667200000,3988.0,INR
ALLCARGO.NS,India,Allcargo Logistics Limited,12551383040,20579999744,0.01556,0.11322,0.19145,1310000000,6929999872,,INR
TCIEXP.NS,India,TCI Express Limited,19513006080,12374099968,0.06776,0.10122,0.16532,1410000000,633500032,,INR
600233.SS,China,"YTO Express Group Co.,Ltd.",58874572800,76985237504,0.09137,0.11028,0.10139,9358200832,7883106304,21409.0,CNY
002352.SZ,China,"S.F. Holding Co., Ltd.",170964566016,312518836224,0.05046,0.07495,0.13422,42629820416,50266079232,158761.0,CNY
601598.SS,China,Sinotrans Limited,38236094464,94586314752,0.0328,0.03839,0.05764,14537389056,11053612032,31953.0,CNY
ZTO,China,ZTO Express (Cayman) Inc.,17575479296,51489566720,0.19163,0.2753,0.24892999,30486306816,21793163264,23399.0,USD
DHL.DE,Germany,Deutsche Post AG,62677622784,83043999744,0.072280005,0.094239995,0.17523001,7793999872,29056000000,579479.0,EUR
JSLG3.SA,Brazil,JSL S.A.,1640871296,9693385728,0.03198,0.15774,0.15454,1435416064,7743635968,34000.0,BRL
LOGN3.SA,Brazil,Log-In Logística Intermodal S.A.,2954542848,3077404928,0.01564,0.19373,0.14832,238960992,1980873984,,BRL
RAPT4.SA,Brazil,Randoncorp S.A.,1586529408,13035799552,0.09082,0.13535,0.25081,4109976064,10078505984,17300.0,BRL
