ticker,quarter_end,revenue,operating_income,country,operating_margin
JBHT,2026-06-30,3495296000.0,259452000.0,US,0.07422890650748892
JBHT,2026-03-31,3056491000.0,207048000.0,US,0.06774042521309567
JBHT,2025-12-31,3096626000.0,246457000.0,US,0.07958888157627043
JBHT,2025-09-30,3052897000.0,242657000.0,US,0.07948417519490504
JBHT,2025-06-30,2928181000.0,197274000.0,US,0.06737083534112133
JBHT,2025-03-31,,,US,
KNX,2026-06-30,2095712000.0,104851000.0,US,0.050031206578003085
KNX,2026-03-31,1850223000.0,29466000.0,US,0.01592564788136349
KNX,2025-12-31,1856330000.0,79348000.0,US,0.04274455511681651
KNX,2025-09-30,1927057000.0,85131000.0,US,0.04417669015498763
KNX,2025-06-30,1861940000.0,83200000.0,US,0.04468457630213648
ODFL,2026-06-30,1554004000.0,465301000.0,US,0.29942072221178323
ODFL,2026-03-31,1334696000.0,317341000.0,US,0.2377627564628949
ODFL,2025-12-31,1307296000.0,304251000.0,US,0.23273306121949427
ODFL,2025-09-30,1406511000.0,360844000.0,US,0.2565525616223407
ODFL,2025-06-30,1407724000.0,357895000.0,US,0.25423662592951457
WERN,2026-06-30,933927000.0,21015000.0,US,0.02250175870276799
WERN,2026-03-31,808610000.0,3995000.0,US,0.004940577039611185
WERN,2025-12-31,737635000.0,8414000.0,US,0.011406725548543656
WERN,2025-09-30,771499000.0,-13021000.0,US,-0.01687753321780067
WERN,2025-06-30,753148000.0,66321000.0,US,0.08805838958611056
SAIA,2026-06-30,956494000.0,125212000.0,US,0.13090725085572935
SAIA,2026-03-31,806226000.0,66806000.0,US,0.08286262164703197
SAIA,2025-12-31,789952000.0,64023000.0,US,0.08104669650814227
SAIA,2025-09-30,839644000.0,118610000.0,US,0.1412622492389632
SAIA,2025-06-30,817115000.0,99399000.0,US,0.12164627989940216
CHRW,2026-06-30,,,US,
CHRW,2026-03-31,4012934000.0,175686000.0,US,0.04377993757186139
CHRW,2025-12-31,3912634000.0,181353000.0,US,0.04635061700123242
CHRW,2025-09-30,4136846000.0,220836000.0,US,0.05338269783308346
CHRW,2025-06-30,4136543000.0,215919000.0,US,0.05219793436209898
CHRW,2025-03-31,4046740000.0,176853000.0,US,0.04370258529087611
SNDR,2026-06-30,1568700000.0,71400000.0,US,0.04551539491298527
SNDR,2026-03-31,1398500000.0,33400000.0,US,0.023882731498033608
SNDR,2025-12-31,1399600000.0,36500000.0,US,0.026078879679908545
SNDR,2025-09-30,1452400000.0,35300000.0,US,0.024304599283943816
SNDR,2025-06-30,1420500000.0,55000000.0,US,0.03871876099964801
ARCB,2026-06-30,1184533000.0,66816000.0,US,0.05640703973633491
ARCB,2026-03-31,998786000.0,3430000.0,US,0.003434169081264655
ARCB,2025-12-31,972688000.0,19480000.0,US,0.020026976790090963
ARCB,2025-09-30,1048137000.0,38927000.0,US,0.03713922893667526
ARCB,2025-06-30,1022256000.0,34659000.0,US,0.033904423158191296
ARCB,2025-03-31,,,US,
MRTN,2026-06-30,223543000.0,5243000.0,US,0.0234541005533611
MRTN,2026-03-31,203526000.0,172000.0,US,0.0008451008716331084
MRTN,2025-12-31,210108000.0,1265000.0,US,0.006020713157043045
MRTN,2025-09-30,220470000.0,835000.0,US,0.003787363360094344
MRTN,2025-06-30,229922000.0,4552000.0,US,0.01979801845843373
VRLLOG.NS,2026-06-30,8788400000.0,1242300000.0,India,0.1413567884939238
VRLLOG.NS,2026-03-31,8528500000.0,1139700000.0,India,0.13363428504426336
VRLLOG.NS,2025-12-31,8269623000.0,1018771000.0,India,0.12319437052934577
VRLLOG.NS,2025-06-30,7443400000.0,869600000.0,India,0.11682833113899561
VRLLOG.NS,2025-03-31,8090300000.0,1228500000.0,India,0.15184850994400703
TCI.NS,2026-06-30,12485000000.0,991000000.0,India,0.07937525030036044
TCI.NS,2026-03-31,13238000000.0,1066000000.0,India,0.08052575917812359
TCI.NS,2025-12-31,12488000000.0,948000000.0,India,0.07591287636130685
TCI.NS,2025-06-30,11393000000.0,922000000.0,India,0.08092688492934258
TCI.NS,2025-03-31,11788000000.0,925000000.0,India,0.07846963013233797
MAHLOG.NS,2026-06-30,20028800000.0,431100000.0,India,0.021524005432177664
MAHLOG.NS,2026-03-31,17914100000.0,424600000.0,India,0.02370200010047951
MAHLOG.NS,2025-12-31,18980300000.0,311000000.0,India,0.016385410135772355
MAHLOG.NS,2025-06-30,16245900000.0,116800000.0,India,0.007189506275429493
MAHLOG.NS,2025-03-31,15695100000.0,193100000.0,India,0.012303202910462501
ALLCARGO.NS,2026-06-30,5460000000.0,200000000.0,India,0.03663003663003663
ALLCARGO.NS,2026-03-31,5140000000.0,80000000.0,India,0.01556420233463035
ALLCARGO.NS,2025-12-31,5160000000.0,100000000.0,India,0.01937984496124031
ALLCARGO.NS,2025-09-30,5370000000.0,-10000000.0,India,-0.00186219739292365
ALLCARGO.NS,2025-06-30,4910000000.0,0.0,India,0.0
ALLCARGO.NS,2025-03-31,,,India,
TCIEXP.NS,2026-06-30,3134000000.0,243900000.0,India,0.07782386726228462
TCIEXP.NS,2026-03-31,3280800000.0,222300000.0,India,0.06775786393562545
TCIEXP.NS,2025-12-31,3140500000.0,264400000.0,India,0.08419041553892692
TCIEXP.NS,2025-09-30,3085300000.0,280900000.0,India,0.09104463099212394
TCIEXP.NS,2025-06-30,2867500000.0,227900000.0,India,0.07947689625108979
TCIEXP.NS,2025-03-31,,,India,
600233.SS,2026-06-30,20124637219.16,2097008269.16,China,0.10420104702128534
600233.SS,2026-03-31,18768681556.28,1716824390.19,China,0.09147282855441441
600233.SS,2025-12-31,21121345599.48,1918004019.78,China,0.09080879865093541
600233.SS,2025-06-30,18822959302.31,1192964830.27,China,0.06337817614702043
600233.SS,2025-03-31,17060291817.79,1074980535.8,China,0.06301067691462581
002352.SZ,2026-06-30,81364300000.0,4344481000.0,China,0.05339542035020273
002352.SZ,2026-03-31,74142121000.0,3798140000.0,China,0.051227830398863285
002352.SZ,2025-12-31,82965665000.0,4583750000.0,China,0.05524875862804209
002352.SZ,2025-09-30,,,China,
002352.SZ,2025-06-30,77008250000.0,3920759000.0,China,0.05091349303483718
002352.SZ,2025-03-31,69849924000.0,3513075000.0,China,0.05029461449378241
601598.SS,2025-09-30,,,China,
ZTO,2026-06-30,14549892000.0,3279312000.0,China,0.2253839409942012
ZTO,2026-03-31,13282364000.0,2493868000.0,China,0.18775784190223968
ZTO,2025-12-31,14510701000.0,3189356000.0,China,0.2197933786934208
ZTO,2025-09-30,11864694000.0,2405043000.0,China,0.20270585992356818
ZTO,2025-06-30,11831807000.0,2414984000.0,China,0.204109482177997
ZTO,2025-03-31,,,China,
DHL.DE,2026-06-30,22367000000.0,1863000000.0,Germany,0.08329235033755085
DHL.DE,2026-03-31,20420000000.0,1476000000.0,Germany,0.0722820763956905
DHL.DE,2025-12-31,22092000000.0,1101000000.0,Germany,0.04983704508419337
DHL.DE,2025-06-30,19826000000.0,1361000000.0,Germany,0.0686472309089075
DHL.DE,2025-03-31,20809000000.0,1374000000.0,Germany,0.06602912201451296
JSLG3.SA,2026-06-30,2498854000.0,278505000.0,Brazil,0.11145309009650023
JSLG3.SA,2026-03-31,2372712000.0,75871000.0,Brazil,0.031976489350582796
JSLG3.SA,2025-12-31,2454022000.0,274642000.0,Brazil,0.11191505210629733
JSLG3.SA,2025-09-30,2484893000.0,300618000.0,Brazil,0.12097824735310535
JSLG3.SA,2025-06-30,2381759000.0,287708000.0,Brazil,0.12079643658321434
JSLG3.SA,2025-03-31,,,Brazil,
LOGN3.SA,2026-06-30,777105000.0,201799000.0,Brazil,0.2596804807587134
LOGN3.SA,2026-03-31,680144000.0,18178000.0,Brazil,0.026726693170857935
LOGN3.SA,2025-12-31,863809000.0,200824000.0,Brazil,0.23248657978789292
LOGN3.SA,2025-06-30,739180000.0,94055000.0,Brazil,0.12724234963067182
LOGN3.SA,2025-03-31,683763000.0,95085000.0,Brazil,0.13906134142970591
RAPT4.SA,2026-06-30,3314657000.0,348598000.0,Brazil,0.10516864942586819
RAPT4.SA,2026-03-31,3083897000.0,277770000.0,Brazil,0.0900711015964541
RAPT4.SA,2025-12-31,3209299000.0,-35056000.0,Brazil,-0.010923257695839496
RAPT4.SA,2025-09-30,3444219000.0,361769000.0,Brazil,0.10503658449128815
RAPT4.SA,2025-06-30,3286393000.0,234821000.0,Brazil,0.07145250126810762
RAPT4.SA,2025-03-31,,,Brazil,
